{
  "p_at_1": 0.8454830065935088,
  "ndcg_at_5": 0.7754830065935089,
  "mrr": 0.8154830065935088
}